{"units1": 128, "units2": 46, "units3": 47, "units4": 9, "learning_rate": 0.0027796975515266826, "l2": 0.0007535384509295551, "dropout": 0.10031150633640573}